id,email,username,password_digest,created_at,updated_at,password_reset_token,password_reset_sent_at,confirmed_at
1,0@mail.com,user000,$2a$07$g41ZG/Y42VgKpQSz3L6xMOl5pbeq7K2GSWjy4USfZZp9jvdUjyOFm,2022-03-16 15:30:57 UTC,2022-03-16 15:30:57 UTC,,,
2,1@mail.com,user111,$2a$07$dBn.vmcF634OXUlz4M2RL.44v0xLtRw7KkZsL9z7nQwACXbO6gZOm,2022-03-16 15:30:57 UTC,2022-03-16 15:30:57 UTC,,,
3,2@mail.com,user222,$2a$07$NPkl1EP17m2Ze1aRPnAix./jKy4.RZIxZ.kbfxj.0o.EmsSJ6zFYO,2022-03-16 15:30:57 UTC,2022-03-16 15:30:57 UTC,,,
4,3@mail.com,user333,$2a$07$.AF2N3YCZQJ.qGp/dcTQyep62sPNT9iJLlt1oUqzcqM65n7QhxBA.,2022-03-16 15:30:57 UTC,2022-03-16 15:30:57 UTC,,,
5,4@mail.com,user444,$2a$07$3d4JTEjzoJRCPMUSgH7dKep0aU2s5OfTqpGcKL7Mx43s/o6CahxN6,2022-03-16 15:30:57 UTC,2022-03-16 15:30:57 UTC,,,
6,5@mail.com,user555,$2a$07$lW8jDihRJGF3tiO/xZ/QyuYC.YoiNiUkfeU8iz4TtSpGdrsB8xtK2,2022-03-16 15:30:57 UTC,2022-03-16 15:30:57 UTC,,,
7,6@mail.com,user666,$2a$07$8QRq4P.NEh8FTn9Z.Fw/heNbsfKWIDFL1akwSZz3q7leBvZUfSxxW,2022-03-16 15:30:57 UTC,2022-03-16 15:30:57 UTC,,,
8,7@mail.com,user777,$2a$07$XpHWSqm54H0On4U31Y03LeBPPZ5Z2h.WbP/P7h/TETb3Sx1jTcpZK,2022-03-16 15:30:57 UTC,2022-03-16 15:30:57 UTC,,,
9,8@mail.com,user888,$2a$07$EknUXrIGisxBMYhJMgm7u.vR2GlJ.w0BEaDYPslrg1DgrinarXus6,2022-03-16 15:30:57 UTC,2022-03-16 15:30:57 UTC,,,
10,9@mail.com,user999,$2a$07$fRtOnJ2F13DJhqNGbpR26u9Ybjaaw5EihPmyHji/YTwPqxlhSjpmK,2022-03-16 15:30:57 UTC,2022-03-16 15:30:57 UTC,,,
11,10@mail.com,user101010,$2a$07$Ys8AbHPwuBzcYUN9RGQikerz9ewQYFVoiFdktVVnaLyg1.fE8AV4S,2022-03-16 15:30:57 UTC,2022-03-16 15:30:57 UTC,,,
12,11@mail.com,user111111,$2a$07$G/.bDYHuF/bIM3TGNjV5ReyF4BzrlU0.je8U7cAgO3vlEeXA3za1W,2022-03-16 15:30:57 UTC,2022-03-16 15:30:57 UTC,,,
13,12@mail.com,user121212,$2a$07$XNBpjoY6K8nV3z/B90zclOGiNoiLmalDv9mmO7cXWIA1eU0UvWKkK,2022-03-16 15:30:57 UTC,2022-03-16 15:30:57 UTC,,,
14,13@mail.com,user131313,$2a$07$21DWdwU8K9QRrPd/IWCvUuUn6/jtOs47qr2fDRdzw0nq.W7uwNLce,2022-03-16 15:30:57 UTC,2022-03-16 15:30:57 UTC,,,
15,14@mail.com,user141414,$2a$07$eLtHNCPvMnYU.XBJ8a5uCOlcYPdTiKZc97jtmktL3fdnwOxZ5uc7G,2022-03-16 15:30:57 UTC,2022-03-16 15:30:57 UTC,,,
16,15@mail.com,user151515,$2a$07$DNAiiLfOpd.ZuLntvjHrGeGSaof.8mMcj4ubP6cOMJ224ak8yGH96,2022-03-16 15:30:57 UTC,2022-03-16 15:30:57 UTC,,,
17,16@mail.com,user161616,$2a$07$krLEwZAY5lIao.vT7d74Ou09/EGBNBB4Pz1vAAt4dlarJPGHNo5nO,2022-03-16 15:30:57 UTC,2022-03-16 15:30:57 UTC,,,
18,17@mail.com,user171717,$2a$07$Zfu4TEs2LmsndDftV0LsB.c3OXr/Fh/z5aMpFeCtbUcggmW0OR7Xe,2022-03-16 15:30:57 UTC,2022-03-16 15:30:57 UTC,,,
19,18@mail.com,user181818,$2a$07$vbVJQgMJrle7Pu/6pqloPez/lx7dnXA2cu0UWK90Gsq.ePqHvV3p.,2022-03-16 15:30:57 UTC,2022-03-16 15:30:57 UTC,,,
20,19@mail.com,user191919,$2a$07$4o4Q3HmAwLCuxt5PyJJA3e9y1kssi3GhqDUlBgca4HysgZwa3DlIG,2022-03-16 15:30:57 UTC,2022-03-16 15:30:57 UTC,,,
21,20@mail.com,user202020,$2a$07$OUQL5XE51p8vMozdO8KGhOoIvIMPtzgUmv9r/85HyllhYNbh173dO,2022-03-16 15:30:57 UTC,2022-03-16 15:30:57 UTC,,,
22,21@mail.com,user212121,$2a$07$tV1LG.SVG1beSO/4yuvmrOOUXuf7hHMIX2a0QyYOTvy19jYGlF/1e,2022-03-16 15:30:57 UTC,2022-03-16 15:30:57 UTC,,,
23,22@mail.com,user222222,$2a$07$6OLJaJiMDUGDNT.eZv5JhedGbVb1/Ng/IFfBAKOki/VNTvZjBNutu,2022-03-16 15:30:57 UTC,2022-03-16 15:30:57 UTC,,,
24,23@mail.com,user232323,$2a$07$PRLlugbPTwkd3K4yYpxYqOmEA8VXTUmK5zg5FLUYoWYQZ6xl7TSQ6,2022-03-16 15:30:57 UTC,2022-03-16 15:30:57 UTC,,,
25,24@mail.com,user242424,$2a$07$PYP0DZI7bm3o4oFh/Aw8HOwsVlp/CXLKgAZePjEBgzlxSL1L4nraS,2022-03-16 15:30:57 UTC,2022-03-16 15:30:57 UTC,,,
26,25@mail.com,user252525,$2a$07$a1.4Isiij./vVgmmzAFZuOzGY4l2AnmHyBLJihxWfK0sHDXCvCT7O,2022-03-16 15:30:57 UTC,2022-03-16 15:30:57 UTC,,,
27,26@mail.com,user262626,$2a$07$Aqt.DUrYHtc3r4efp01q3.vS0qx8y7vD42ql/Or8txtCDGFWRJV/y,2022-03-16 15:30:57 UTC,2022-03-16 15:30:57 UTC,,,
28,27@mail.com,user272727,$2a$07$d3SgwdhVOZKB46vhyfGEbe16E0dWwbsL0IkHh3IuOQRD3d4J4rOtW,2022-03-16 15:30:57 UTC,2022-03-16 15:30:57 UTC,,,
29,28@mail.com,user282828,$2a$07$13dPwj3lj4yme47Nvot6BeWmifTeInLoMDo.M1hV2fSqR6H99Nu6O,2022-03-16 15:30:57 UTC,2022-03-16 15:30:57 UTC,,,
30,29@mail.com,user292929,$2a$07$7TVGm6/W1VXmTmGLMunRSuFlkYrWD5GKiIUGIIpFP82nAZZbEkMp.,2022-03-16 15:30:57 UTC,2022-03-16 15:30:57 UTC,,,
31,30@mail.com,user303030,$2a$07$hHWoKoYVRdqS9LZwG5LWcO4K8QuNkLuo6Dc/wF1BiX3/O9ikO5dSe,2022-03-16 15:30:57 UTC,2022-03-16 15:30:57 UTC,,,
32,31@mail.com,user313131,$2a$07$HpmDfMdH.MRmfKIJgc61vevn/WW0IpnSGGFKdZcTGh4wCnly1gr4C,2022-03-16 15:30:57 UTC,2022-03-16 15:30:57 UTC,,,
33,32@mail.com,user323232,$2a$07$NOE/UGkUFer9.mxybxTPweMP2q.Np.EEYj9mIoLaHArKVYJXwFXN2,2022-03-16 15:30:57 UTC,2022-03-16 15:30:57 UTC,,,
34,33@mail.com,user333333,$2a$07$ojSBdixXei6M1FdSnVouVuR54nP1f9HLK.aD/Ewmnu.1lGpc4pLs6,2022-03-16 15:30:57 UTC,2022-03-16 15:30:57 UTC,,,
35,34@mail.com,user343434,$2a$07$9iFa4hQfkLeiG/clCxaUtOUa7spwf7HSeCHZjAEesVgGvJbrFH08a,2022-03-16 15:30:57 UTC,2022-03-16 15:30:57 UTC,,,
36,35@mail.com,user353535,$2a$07$7VMJaXpBg6W4RJNR/kGJw.OFLWzHc1gCwdUPxT0GX4zruV4Bm5qUK,2022-03-16 15:30:57 UTC,2022-03-16 15:30:57 UTC,,,
37,36@mail.com,user363636,$2a$07$VZPF1Go2otVPqSsqjXWxleW3vtSzqwH2.XzVWkwVpLkQ4AUpMxluy,2022-03-16 15:30:57 UTC,2022-03-16 15:30:57 UTC,,,
38,37@mail.com,user373737,$2a$07$0O07pTZNzK9KNKCEQxouxe6QCqLWcBnhMb.RW5xGyAeEeo9gIlFqq,2022-03-16 15:30:57 UTC,2022-03-16 15:30:57 UTC,,,
39,38@mail.com,user383838,$2a$07$Am6AadcXYYYxKKvfGVCeKuyVJNUuHWqrs.Up6GC8B53LhmKobQN4S,2022-03-16 15:30:57 UTC,2022-03-16 15:30:57 UTC,,,
40,39@mail.com,user393939,$2a$07$T36Lqb5tj/RsDrrALZI5QOh0UHTSx6PxAlAqSWDJi9Qh9/VfU//I6,2022-03-16 15:30:57 UTC,2022-03-16 15:30:57 UTC,,,
41,40@mail.com,user404040,$2a$07$SFmRJnOE0wtusKVdPtVK4.71cwzxAieA.AdYnksBvqQ7aIwvz359K,2022-03-16 15:30:57 UTC,2022-03-16 15:30:57 UTC,,,
42,41@mail.com,user414141,$2a$07$c5nSfUp282psB73mBCWWc.Hh5A/ytr/nrCjThYwloDB.lRTbNkscy,2022-03-16 15:30:57 UTC,2022-03-16 15:30:57 UTC,,,
43,42@mail.com,user424242,$2a$07$Jhq5situOPP7PYjhmLEMQee08h3FgUslkSB7bvSapTuvVPN.CdPae,2022-03-16 15:30:57 UTC,2022-03-16 15:30:57 UTC,,,
44,43@mail.com,user434343,$2a$07$nubD6Z7UCu.agdiF3s3Phe.i8dZFo8Ks/IjrPvAHQxJuUuVAOX5Ua,2022-03-16 15:30:57 UTC,2022-03-16 15:30:57 UTC,,,
45,44@mail.com,user444444,$2a$07$POr97Ak4XOOjbcVWUu87xuYcMaG86CYWCOFeOE/JV1GPUqcFrROeG,2022-03-16 15:30:57 UTC,2022-03-16 15:30:57 UTC,,,
46,45@mail.com,user454545,$2a$07$RKWjH6D6HqwjOYZ8Pv7WaePujNUdAPLIMWp5hjKIsGJTG4Pjkt.Zq,2022-03-16 15:30:57 UTC,2022-03-16 15:30:57 UTC,,,
47,46@mail.com,user464646,$2a$07$Mdg74JeYBYvELcfrxzN8SO88BfyZKs8SBMZd/qYEZm0zMuS3t4Ya6,2022-03-16 15:30:57 UTC,2022-03-16 15:30:57 UTC,,,
48,47@mail.com,user474747,$2a$07$SYR5Y0plU/jm4OEfkRB0TuXTF.eUJWoTrBAM8Tfydk.fOOfwtvwbG,2022-03-16 15:30:57 UTC,2022-03-16 15:30:57 UTC,,,
49,48@mail.com,user484848,$2a$07$0Mw9f5B9/st8h/Hhk0IWe.9ZLQLNiTBYo7iiZxWnlgdl4/ud5E216,2022-03-16 15:30:57 UTC,2022-03-16 15:30:57 UTC,,,
50,49@mail.com,user494949,$2a$07$sO5B.mWH9ukRfyyA0opyOOog39decB2NWbPP7R4b98dcS2x6BoCPe,2022-03-16 15:30:57 UTC,2022-03-16 15:30:57 UTC,,,
51,50@mail.com,user505050,$2a$07$QafwFLNNpUfbwIAmgJGSqeY0ovUDJKEJqgOXnssVDP7MABwM63lsC,2022-03-16 15:30:57 UTC,2022-03-16 15:30:57 UTC,,,
52,51@mail.com,user515151,$2a$07$C.aCYqP3PMzZI1IDtUXbGO1DE2DoPpebXmlFjYmwW2HKcTP1TC3sG,2022-03-16 15:30:57 UTC,2022-03-16 15:30:57 UTC,,,
53,52@mail.com,user525252,$2a$07$375ZJnnqWk.il9GOQc846uUUz0bUwjRbgqM1O0O/0DvQsqfO3vOme,2022-03-16 15:30:57 UTC,2022-03-16 15:30:57 UTC,,,
54,53@mail.com,user535353,$2a$07$MBC8ZTWPjDvIOITJZ4LBKuO1/2pCEbb5g5PpJke84vXwb/IjAMWUa,2022-03-16 15:30:57 UTC,2022-03-16 15:30:57 UTC,,,
55,54@mail.com,user545454,$2a$07$zeUtbv32Uk.CiMw7ZUvQkeHHHRbGWTQ755oi5H2k.RyTQAasYbuq6,2022-03-16 15:30:57 UTC,2022-03-16 15:30:57 UTC,,,
56,55@mail.com,user555555,$2a$07$VPbfiAyQcO/IC.qk4fXqx.lB7.qEBxw7zZY8nhdY4nm31bFQl9qLm,2022-03-16 15:30:57 UTC,2022-03-16 15:30:57 UTC,,,
57,56@mail.com,user565656,$2a$07$DMUVUILA0jCDc8bLPmq42eRISYy1DJ18kt..3GGkb0UN1x8C.RGn6,2022-03-16 15:30:57 UTC,2022-03-16 15:30:57 UTC,,,
58,57@mail.com,user575757,$2a$07$C0H/Mm5esF2F.jU.NnOUsOTKnzxP5p5L2rC5n5UiPzUHFSw1kJ7MC,2022-03-16 15:30:57 UTC,2022-03-16 15:30:57 UTC,,,
59,58@mail.com,user585858,$2a$07$01vI3s1ny2aLaTaKy3X49O8Qb74wwOm9eDWyte6KICZXvUJydQaV.,2022-03-16 15:30:57 UTC,2022-03-16 15:30:57 UTC,,,
60,59@mail.com,user595959,$2a$07$sxzYUNB2hknEW/7heC1AmuKZz.aY4hh97hJdT1uXzmcRtw5jhmgt.,2022-03-16 15:30:57 UTC,2022-03-16 15:30:57 UTC,,,
61,60@mail.com,user606060,$2a$07$0KtQ7VNsYW03HmFNiyz0re039HOzF9BLWzOhQfL45Wu7kQ1LartMG,2022-03-16 15:30:57 UTC,2022-03-16 15:30:57 UTC,,,
62,61@mail.com,user616161,$2a$07$StIajOUqwl352bF35SOdWuOwmSeUiq6G8r/jurGbeYEWvPYTidI2W,2022-03-16 15:30:57 UTC,2022-03-16 15:30:57 UTC,,,
63,62@mail.com,user626262,$2a$07$Ia/9OnQuLhTBEZ6fuS.oAuR3rCITaMNZWVRK3fok5FU7AXK6xLWmS,2022-03-16 15:30:57 UTC,2022-03-16 15:30:57 UTC,,,
64,63@mail.com,user636363,$2a$07$NT50ednj61Gyz3dT4dBZM.BHu8aCSq4w1.EJkNDXBJPGY1cOWmfhW,2022-03-16 15:30:57 UTC,2022-03-16 15:30:57 UTC,,,
65,64@mail.com,user646464,$2a$07$8MkDwqVFIAmAmBXUzgm1tOWsx6EvbxFdoQeTj1KFpSMD26hsfX2k.,2022-03-16 15:30:57 UTC,2022-03-16 15:30:57 UTC,,,
66,65@mail.com,user656565,$2a$07$dnrLkz6QFILjrBeKljahY.jRJCIIeCU9w5lT.wLTVHf.8S.nARHua,2022-03-16 15:30:57 UTC,2022-03-16 15:30:57 UTC,,,
67,66@mail.com,user666666,$2a$07$mjqVRjJWaqG6IIIzrd7bnuvOXPt6AwsR65iadPR9x8PerFha4XjAS,2022-03-16 15:30:57 UTC,2022-03-16 15:30:57 UTC,,,
68,67@mail.com,user676767,$2a$07$fkNrzWq6vz8Ls88S5rg4S.ZxNYjNC0x3y38LwJU41jRlYPtCaHA.a,2022-03-16 15:30:57 UTC,2022-03-16 15:30:57 UTC,,,
69,68@mail.com,user686868,$2a$07$j0bLzH.SEjXLlmXSRKY18uGpvO2MiZpsAOx/Qm9KnEWMVn0zNZzNW,2022-03-16 15:30:57 UTC,2022-03-16 15:30:57 UTC,,,
70,69@mail.com,user696969,$2a$07$P1pLepO2eijYYN15UbhRN.59QG6THrF3ER92PcKdYCpHRUAqIcliW,2022-03-16 15:30:57 UTC,2022-03-16 15:30:57 UTC,,,
71,70@mail.com,user707070,$2a$07$iu3hPrj6NUneqVbWa8xy1eksSGqYMUiN92CgAEw1BE9K2VXse8VKC,2022-03-16 15:30:57 UTC,2022-03-16 15:30:57 UTC,,,
72,71@mail.com,user717171,$2a$07$saivsKs5x3.zunzJ3kBbB.f7qY602giaY8CLbYSldEt4wOkTntzDa,2022-03-16 15:30:57 UTC,2022-03-16 15:30:57 UTC,,,
73,72@mail.com,user727272,$2a$07$3HyQRtr9ivvfEhXWd/K43eGhjjDnqMe0wZ14JecpBLn.D8WGW8DtK,2022-03-16 15:30:57 UTC,2022-03-16 15:30:57 UTC,,,
74,73@mail.com,user737373,$2a$07$hp8WT9t42dPXvypOsavNv.anlyuTDdthYNtce8IsLsiJUr2VJcRdK,2022-03-16 15:30:57 UTC,2022-03-16 15:30:57 UTC,,,
75,74@mail.com,user747474,$2a$07$0FwIvGCkKi4Ezfe9foCRMuqGZUP8N.6gRlWewuv/p2.H8Hlq66x3C,2022-03-16 15:30:57 UTC,2022-03-16 15:30:57 UTC,,,
76,75@mail.com,user757575,$2a$07$EFkTkNsFhVrN8TyjZ5Dtj.ipIWaMffzPRwyN9O3Zaj4a1yXN2DiV6,2022-03-16 15:30:57 UTC,2022-03-16 15:30:57 UTC,,,
77,76@mail.com,user767676,$2a$07$corC0.j1NtOIl2MSctKmdurNBW8wmA4QwBoVlzJtzC9ETJQwHVrpG,2022-03-16 15:30:57 UTC,2022-03-16 15:30:57 UTC,,,
78,77@mail.com,user777777,$2a$07$tW81u2.rLo.fA9kR9vdIueNKewOGLdvfdp/I7yGgoM9qUVcTc4E.u,2022-03-16 15:30:57 UTC,2022-03-16 15:30:57 UTC,,,
79,78@mail.com,user787878,$2a$07$hlBYY7ARXvrnRX8jPMUILehwE2C3CRRr2nx6L4AdWfu.u9ZoK6b3S,2022-03-16 15:30:57 UTC,2022-03-16 15:30:57 UTC,,,
80,79@mail.com,user797979,$2a$07$M8oxNHL5ogWRtrWooUNMPup8YrPOYoqH5R3HDsj7x0cubWxeMXKs2,2022-03-16 15:30:57 UTC,2022-03-16 15:30:57 UTC,,,
81,80@mail.com,user808080,$2a$07$3k410C8Vz1yliHZ8.0kwEOgxE8W7X4qyNshtuMShE9BKOXLXOKlm6,2022-03-16 15:30:57 UTC,2022-03-16 15:30:57 UTC,,,
82,81@mail.com,user818181,$2a$07$2zad/vq2WpqHrGxP0bzf/OaK8nXS1Z4SrKBSgdoaGvBsnF90A2t8i,2022-03-16 15:30:57 UTC,2022-03-16 15:30:57 UTC,,,
83,82@mail.com,user828282,$2a$07$.zHuREz/Hx4fXGgMNxDwoudlqUSv/GsK5h6/rctRLqMAVajvG58Si,2022-03-16 15:30:57 UTC,2022-03-16 15:30:57 UTC,,,
84,83@mail.com,user838383,$2a$07$Cc73cZq3FpSrLOLExtxQc.Y/2uhjmfnuHE8UKnzs0Za9r4WtELml.,2022-03-16 15:30:57 UTC,2022-03-16 15:30:57 UTC,,,
85,84@mail.com,user848484,$2a$07$Rt5fN8n4vZ5gWLTWKNx5V.PLEVLxxQLBRy65aGldTHM2CACbHJgDi,2022-03-16 15:30:57 UTC,2022-03-16 15:30:57 UTC,,,
86,85@mail.com,user858585,$2a$07$N3dzrNXqrtUndMbSV/VUsegSavlb4bHD3Vxms7n1rKVF4OFsOfvwG,2022-03-16 15:30:57 UTC,2022-03-16 15:30:57 UTC,,,
87,86@mail.com,user868686,$2a$07$TaibzPS6DyK4vFQDD7z72uZU2VioZpiAlfS0baj.8aYtXPpsN5x.q,2022-03-16 15:30:57 UTC,2022-03-16 15:30:57 UTC,,,
88,87@mail.com,user878787,$2a$07$ATDbX.GjM9U5XUvGRTKSPuZYRqc2pD18q9y5Ldp8zOCVw2tpH8iCC,2022-03-16 15:30:57 UTC,2022-03-16 15:30:57 UTC,,,
89,88@mail.com,user888888,$2a$07$dXIT0Wsj2wGwy5/oVlCf/uLjzjmsCAt/sNraDtSlHb/EaddEfy9B.,2022-03-16 15:30:57 UTC,2022-03-16 15:30:57 UTC,,,
90,89@mail.com,user898989,$2a$07$CaDQhX1O0m6DdQaFo5ik7OkMWaIepcrhWZNoBZDktI5Oo2II48wLq,2022-03-16 15:30:57 UTC,2022-03-16 15:30:57 UTC,,,
91,90@mail.com,user909090,$2a$07$deSpIVCFU3oNw.EGN/4HGetbnPsN2oxA/W5hYZ6HzNgZ/eBnahCsy,2022-03-16 15:30:57 UTC,2022-03-16 15:30:57 UTC,,,
92,91@mail.com,user919191,$2a$07$vHK0XbEItEzbneCD0ul1R.37JiXZ9J.t7qpSYJ/nwkfItcbnNpNrq,2022-03-16 15:30:57 UTC,2022-03-16 15:30:57 UTC,,,
93,92@mail.com,user929292,$2a$07$DYgzyKwccWyvsB4iel9Za.Xfg1k7jzAvwGrxHibpID8HKok33SsPu,2022-03-16 15:30:57 UTC,2022-03-16 15:30:57 UTC,,,
94,93@mail.com,user939393,$2a$07$uPVeovoZ29ZtMEqZPh7mk./AcIhFBGoER1SiFUJ1R98vMN0QEERQK,2022-03-16 15:30:57 UTC,2022-03-16 15:30:57 UTC,,,
95,94@mail.com,user949494,$2a$07$S0b6RKxCXpqG64SLKPqpKOpx0hWGceY165aQiRuGf9GfJ750iU1ei,2022-03-16 15:30:57 UTC,2022-03-16 15:30:57 UTC,,,
96,95@mail.com,user959595,$2a$07$dfEF9QKXEsqJc8s3H6opROiC2tia3en39hlUCpMhB6CbF9V0dZta6,2022-03-16 15:30:57 UTC,2022-03-16 15:30:57 UTC,,,
97,96@mail.com,user969696,$2a$07$MLcm8HZzPcpftaQ0Pr.1...shBXeEMiLp8HtW0d/PEBLJ8WC/ovC6,2022-03-16 15:30:57 UTC,2022-03-16 15:30:57 UTC,,,
98,97@mail.com,user979797,$2a$07$Ma/0SABS/05Bdfnn8nCHeugjAA5Euva68AsC0jCtxTNfQB7L4Jysa,2022-03-16 15:30:57 UTC,2022-03-16 15:30:57 UTC,,,
99,98@mail.com,user989898,$2a$07$HbgbxefY4OEvSoQr1myqmuZdHit7.19akIAYSWUcEQCLnBbUuAeZ6,2022-03-16 15:30:57 UTC,2022-03-16 15:30:57 UTC,,,
100,99@mail.com,user999999,$2a$07$NhnJhFRlEJg5pkU0W4j6GeIwhllhWx2HDgNj7BVZSKqC9YJd4GAQ6,2022-03-16 15:30:57 UTC,2022-03-16 15:30:57 UTC,,,
